name,count,edge,different colors,one color,transparent,inside,overlapping,dark color,open lid,synthesized
cluttered/Anlerndaten (1032).jpg,1,0,0,0,1,0,0,0,0,0
presorted/trial (313).jpg,1,0,0,0,0,0,0,0,0,0
cluttered/Anlerndaten (477).jpg,1,0,0,0,0,0,0,0,0,0
presorted/trial (1694).jpg,1,0,0,0,0,0,0,0,0,0
presorted/trial (433).jpg,1,0,0,0,0,0,0,0,0,0
presorted/trial (1353).jpg,1,0,0,0,1,0,0,0,0,0
presorted/trial (865).jpg,1,0,0,0,0,0,0,0,0,0
presorted/trial (584).jpg,1,0,0,0,0,0,0,0,0,0
presorted/trial (511).jpg,1,0,0,0,0,0,0,0,0,0
presorted/trial (1529).jpg,1,0,0,0,0,0,0,0,0,0
presorted/trial (1480).jpg,1,0,0,0,0,0,0,0,0,0
cluttered/Anlerndaten (823).jpg,1,0,0,0,0,0,0,0,0,0
presorted/trial (306).jpg,1,0,0,0,0,0,0,0,0,0
presorted/trial (138).jpg,1,0,0,0,0,0,0,0,0,0
presorted/trial (1065).jpg,1,0,0,0,0,0,0,0,0,0
presorted/trial (137).jpg,1,0,0,0,0,0,0,0,0,0
cluttered/Anlerndaten (593).jpg,1,0,0,0,0,0,0,0,0,0
cluttered/Anlerndaten (190).jpg,1,0,0,0,0,0,0,0,0,0
cluttered/Anlerndaten (475).jpg,1,0,0,0,0,0,0,0,0,0
presorted/trial (1006).jpg,1,0,0,0,0,0,0,0,0,0
cluttered/Anlerndaten (889).jpg,1,0,0,0,1,0,0,0,0,0
cluttered/Anlerndaten (411).jpg,1,0,0,0,0,0,0,0,0,0
presorted/trial (1449).jpg,1,0,0,0,0,0,0,0,0,0
cluttered/Anlerndaten (91).jpg,1,0,0,0,0,0,0,0,0,0
cluttered/Anlerndaten (530).jpg,1,0,0,0,0,0,0,0,0,0
presorted/trial (1215).jpg,1,0,0,0,0,0,0,0,0,0
presorted/trial (710).jpg,1,0,0,0,0,0,0,0,0,0
cluttered/Anlerndaten (678).jpg,1,0,0,0,0,0,0,0,0,0
presorted/trial (1163).jpg,1,0,0,0,0,0,0,0,0,0
presorted/trial (230).jpg,1,0,0,0,0,0,0,0,0,0
presorted/trial (663).jpg,1,0,0,0,0,0,0,0,0,0
cluttered/Anlerndaten (191).jpg,1,0,0,0,0,0,0,0,0,0
cluttered/Anlerndaten (443).jpg,1,0,0,0,1,0,0,0,0,0
cluttered/Anlerndaten (114).jpg,1,0,0,0,0,0,0,0,0,0
presorted/trial (736).jpg,1,0,0,0,0,0,0,0,0,0
cluttered/Anlerndaten (480).jpg,1,0,0,0,0,0,0,0,0,0
presorted/trial (301).jpg,1,0,0,0,0,0,0,0,0,0
presorted/trial (1108).jpg,1,0,0,0,0,0,0,0,0,0
cluttered/Anlerndaten (148).jpg,1,0,0,0,0,0,0,0,0,0
presorted/trial (1056).jpg,1,0,0,0,0,0,0,0,0,0
presorted/trial (1438).jpg,1,0,0,0,0,0,0,0,0,0
cluttered/Anlerndaten (950).jpg,1,0,0,0,0,0,0,0,1,0
cluttered/Anlerndaten (842).jpg,1,0,0,0,0,0,0,0,0,0
presorted/trial (809).jpg,1,0,0,0,0,0,0,0,0,0
presorted/trial (644).jpg,1,0,0,0,0,0,0,0,0,0
presorted/trial (427).jpg,1,0,0,0,0,0,0,0,0,0
presorted/trial (1465).jpg,1,0,0,0,1,0,0,0,0,0
presorted/trial (9).jpg,1,0,0,0,0,0,0,0,0,0
presorted/trial (1014).jpg,1,0,0,0,0,0,0,0,0,0
cluttered/Anlerndaten (485).jpg,1,0,0,0,0,0,0,0,0,0
presorted/trial (968).jpg,1,0,0,0,0,0,0,0,0,0
cluttered/Anlerndaten (473).jpg,1,0,0,0,0,0,0,0,0,0
presorted/trial (407).jpg,1,0,0,0,0,0,0,0,0,0
cluttered/Anlerndaten (640).jpg,1,0,0,0,0,0,0,0,0,0
cluttered/Anlerndaten (859).jpg,1,0,0,0,0,0,0,0,0,0
presorted/trial (1081).jpg,1,0,0,0,0,0,0,0,0,0
presorted/trial (1624).jpg,1,0,0,0,0,0,0,0,0,0
presorted/trial (630).jpg,1,0,0,0,1,0,0,0,0,0
presorted/trial (274).jpg,1,0,0,0,0,0,0,0,0,0
presorted/trial (488).jpg,1,0,0,0,0,0,0,0,0,0
cluttered/Anlerndaten (680).jpg,1,0,0,0,0,0,0,0,0,0
cluttered/Anlerndaten (10).jpg,1,0,0,0,1,0,0,0,0,0
cluttered/Anlerndaten (766).jpg,1,0,0,0,0,0,0,0,0,0
cluttered/Anlerndaten (6).jpg,1,0,0,0,0,0,0,0,0,0
presorted/trial (924).jpg,1,0,0,0,0,0,0,0,0,0
presorted/trial (1069).jpg,1,0,0,0,0,0,0,0,0,0
cluttered/Anlerndaten (221).jpg,1,0,0,0,0,0,0,0,0,0
presorted/trial (1008).jpg,1,0,0,0,0,0,0,0,0,0
presorted/trial (428).jpg,1,0,0,0,0,0,0,0,0,0
cluttered/Anlerndaten (494).jpg,1,0,0,0,0,0,0,0,0,0
presorted/trial (1642).jpg,1,0,0,0,0,0,0,0,0,0
presorted/trial (627).jpg,1,0,0,0,0,0,0,0,0,0
cluttered/Anlerndaten (390).jpg,1,0,0,0,0,0,0,0,0,0
presorted/trial (936).jpg,1,0,0,0,0,0,0,0,0,0
cluttered/Anlerndaten (815).jpg,1,0,0,0,0,0,0,0,0,0
cluttered/Anlerndaten (873).jpg,1,0,0,0,0,0,0,0,0,0
presorted/trial (1133).jpg,1,0,0,0,0,0,0,0,0,0
presorted/trial (1052).jpg,1,0,0,0,0,0,0,0,0,0
presorted/trial (1258).jpg,1,0,0,0,0,0,0,0,0,0
cluttered/Anlerndaten (270).jpg,1,0,0,0,0,0,0,0,0,0
cluttered/Anlerndaten (871).jpg,1,0,0,0,0,0,0,0,0,0
cluttered/Anlerndaten (685).jpg,1,0,0,0,0,0,0,0,0,0
presorted/trial (828).jpg,1,0,0,0,0,0,0,0,0,0
cluttered/Anlerndaten (361).jpg,1,0,0,0,0,0,0,0,0,0
presorted/trial (987).jpg,1,0,0,0,0,0,0,0,0,0
presorted/trial (373).jpg,1,0,0,0,0,0,0,0,0,0
cluttered/Anlerndaten (619).jpg,1,0,0,0,0,0,0,0,0,0
presorted/trial (1401).jpg,1,0,0,0,0,0,0,0,0,0
cluttered/Anlerndaten (236).jpg,1,0,0,0,0,0,0,0,0,0
presorted/trial (970).jpg,1,0,0,0,0,0,0,0,0,0
cluttered/Anlerndaten (808).jpg,1,0,0,0,0,0,0,0,0,0
cluttered/Anlerndaten (519).jpg,1,0,0,0,0,0,0,0,0,0
presorted/trial (223).jpg,1,0,0,0,0,0,0,0,0,0
cluttered/Anlerndaten (151).jpg,1,0,0,0,0,0,0,0,0,0
presorted/trial (381).jpg,1,0,0,0,0,0,0,0,0,0
cluttered/Anlerndaten (105).jpg,1,0,0,0,0,0,0,0,0,0
presorted/trial (588).jpg,1,0,0,0,0,0,0,0,0,0
presorted/trial (320).jpg,1,0,0,0,0,0,0,0,0,0
cluttered/Anlerndaten (725).jpg,1,0,0,0,0,0,0,0,0,0
cluttered/Anlerndaten (242).jpg,1,0,0,0,0,0,0,0,0,0
cluttered/Anlerndaten (434).jpg,1,0,0,0,0,0,0,0,0,0
cluttered/Anlerndaten (196).jpg,1,0,0,0,1,0,0,0,0,0
presorted/trial (424).jpg,1,0,0,0,0,0,0,0,0,0
cluttered/Anlerndaten (580).jpg,1,0,0,0,0,0,0,0,0,0
cluttered/Anlerndaten (321).jpg,1,0,0,0,0,0,0,0,0,0
cluttered/Anlerndaten (578).jpg,1,0,0,0,0,0,0,0,0,0
presorted/trial (694).jpg,1,0,0,0,0,0,0,0,0,0
presorted/trial (1256).jpg,1,0,0,0,0,0,0,0,0,0
presorted/trial (414).jpg,1,0,0,0,0,0,0,0,0,0
presorted/trial (613).jpg,1,0,0,0,0,0,0,0,0,0
presorted/trial (997).jpg,1,0,0,0,0,0,0,0,0,0
presorted/trial (1455).jpg,1,0,0,0,1,0,0,0,0,0
presorted/trial (651).jpg,1,0,0,0,0,0,0,0,0,0
cluttered/Anlerndaten (396).jpg,1,0,0,0,0,0,0,0,0,0
presorted/trial (554).jpg,1,0,0,0,0,0,0,0,0,0
cluttered/Anlerndaten (1033).jpg,1,0,0,0,0,0,0,0,0,0
cluttered/Anlerndaten (1000).jpg,1,0,0,0,0,0,0,0,0,0
presorted/trial (140).jpg,1,0,0,0,1,0,0,0,0,0
cluttered/Anlerndaten (125).jpg,1,0,0,0,0,0,0,0,0,0
presorted/trial (139).jpg,1,0,0,0,0,0,0,0,0,0
presorted/trial (746).jpg,1,0,0,0,0,0,0,0,0,0
presorted/trial (648).jpg,1,0,0,0,0,0,0,0,0,0
presorted/trial (1075).jpg,1,0,0,0,0,0,0,0,0,0
presorted/trial (974).jpg,1,0,0,0,0,0,0,0,0,0
cluttered/Anlerndaten (367).jpg,1,0,0,0,0,0,0,0,0,0
presorted/trial (1488).jpg,1,0,0,0,0,0,0,0,1,0
presorted/trial (176).jpg,1,0,0,0,0,0,0,0,0,0
presorted/trial (1279).jpg,1,0,0,0,0,0,0,0,0,0
cluttered/Anlerndaten (688).jpg,1,0,0,0,0,0,0,0,0,0
presorted/trial (439).jpg,1,0,0,0,0,0,0,0,0,0
presorted/trial (160).jpg,1,0,0,0,0,0,0,0,0,0
presorted/trial (1489).jpg,1,0,0,0,0,0,0,0,0,0
presorted/trial (818).jpg,1,0,0,0,0,0,0,0,0,0
presorted/trial (515).jpg,1,0,0,0,0,0,0,0,0,0
cluttered/Anlerndaten (534).jpg,1,0,0,0,0,0,0,0,0,0
presorted/trial (1653).jpg,1,0,0,0,0,0,0,0,0,0
cluttered/Anlerndaten (213).jpg,1,0,0,0,0,0,0,0,0,0
presorted/trial (82).jpg,1,0,0,0,0,0,0,0,0,0
cluttered/Anlerndaten (744).jpg,1,0,0,0,0,0,0,0,0,0
cluttered/Anlerndaten (363).jpg,1,0,0,0,0,0,0,0,0,0
presorted/trial (463).jpg,1,0,0,0,0,0,0,0,0,0
presorted/trial (370).jpg,1,0,0,0,0,0,0,0,0,0
cluttered/Anlerndaten (252).jpg,1,0,0,0,0,0,0,0,0,0
presorted/trial (367).jpg,1,0,0,0,0,0,0,0,0,0
presorted/trial (839).jpg,1,0,0,0,0,0,0,0,0,0
presorted/trial (1413).jpg,1,0,0,0,0,0,0,0,0,0
cluttered/Anlerndaten (320).jpg,1,0,0,0,0,0,0,0,0,0
cluttered/Anlerndaten (952).jpg,1,0,0,0,0,0,0,0,0,0
presorted/trial (491).jpg,1,0,0,0,0,0,0,0,0,0
presorted/trial (224).jpg,1,0,0,0,0,0,0,0,0,0
cluttered/Anlerndaten (308).jpg,1,0,0,0,0,0,0,0,0,0
cluttered/Anlerndaten (446).jpg,1,0,0,0,0,0,0,0,0,0
presorted/trial (202).jpg,1,0,0,0,1,0,0,0,0,0
presorted/trial (22).jpg,1,0,0,0,0,0,0,0,0,0
presorted/trial (586).jpg,1,0,0,0,0,0,0,0,1,0
cluttered/Anlerndaten (939).jpg,1,0,0,0,0,0,0,0,0,0
cluttered/Anlerndaten (577).jpg,1,0,0,0,0,0,0,0,1,0
presorted/trial (1229).jpg,1,0,0,0,0,0,0,0,0,0
cluttered/Anlerndaten (628).jpg,1,0,0,0,0,0,0,0,0,0
presorted/trial (207).jpg,1,0,0,0,0,0,0,0,0,0
cluttered/Anlerndaten (627).jpg,1,0,0,0,0,0,0,0,0,0
presorted/trial (1181).jpg,1,0,0,0,0,0,0,0,0,0
presorted/trial (761).jpg,1,0,0,0,0,0,0,0,0,0
presorted/trial (237).jpg,1,0,0,0,0,0,0,0,0,0
cluttered/Anlerndaten (150).jpg,1,0,0,0,0,0,0,0,0,0
presorted/trial (723).jpg,1,0,0,0,0,0,0,0,0,0
presorted/trial (860).jpg,1,0,0,0,0,0,0,0,0,0
presorted/trial (1632).jpg,1,0,0,0,0,0,0,0,0,0
cluttered/Anlerndaten (94).jpg,1,0,0,0,0,0,0,0,0,0
cluttered/Anlerndaten (1034).jpg,1,0,0,0,0,0,0,0,0,0
presorted/trial (475).jpg,1,0,0,0,0,0,0,0,0,0
cluttered/Anlerndaten (433).jpg,1,0,0,0,0,0,0,0,0,0
presorted/trial (405).jpg,1,0,0,0,0,0,0,0,0,0
cluttered/Anlerndaten (63).jpg,1,0,0,0,0,0,0,0,0,0
cluttered/Anlerndaten (600).jpg,1,0,0,0,0,0,0,0,0,0
presorted/trial (1086).jpg,1,0,0,0,0,0,0,0,0,0
cluttered/Anlerndaten (326).jpg,1,0,0,0,1,0,0,0,0,0
cluttered/Anlerndaten (394).jpg,1,0,0,0,0,0,0,0,0,0
presorted/trial (996).jpg,1,0,0,0,0,0,0,0,0,0
presorted/trial (1168).jpg,1,0,0,0,0,0,0,0,0,0
cluttered/Anlerndaten (262).jpg,1,0,0,0,0,0,0,0,0,0
presorted/trial (1447).jpg,1,0,0,0,0,0,0,0,0,0
cluttered/Anlerndaten (187).jpg,1,0,0,0,0,0,0,0,0,0
cluttered/Anlerndaten (107).jpg,1,0,0,0,0,0,0,0,0,0
presorted/trial (258).jpg,1,0,0,0,0,0,0,0,0,0
cluttered/Anlerndaten (756).jpg,1,0,0,0,0,0,0,0,0,0
cluttered/Anlerndaten (24).jpg,1,0,0,0,0,0,0,0,0,0
presorted/trial (1330).jpg,1,0,0,0,0,0,0,0,0,0
cluttered/Anlerndaten (837).jpg,1,0,0,0,0,0,0,0,0,0
presorted/trial (326).jpg,1,0,0,0,0,0,0,0,0,0
presorted/trial (1631).jpg,1,0,0,0,0,0,0,0,0,0
cluttered/Anlerndaten (959).jpg,1,0,0,0,1,0,0,0,0,0
presorted/trial (874).jpg,1,0,0,0,0,0,0,0,0,0
presorted/trial (934).jpg,1,0,0,0,0,0,0,0,0,0
presorted/trial (920).jpg,1,0,0,0,0,0,0,0,0,0
presorted/trial (548).jpg,1,0,0,0,0,0,0,0,0,0
presorted/trial (696).jpg,1,0,0,0,0,0,0,0,0,0
cluttered/Anlerndaten (829).jpg,1,0,0,0,1,0,0,0,0,0
cluttered/Anlerndaten (727).jpg,1,0,0,0,1,0,0,0,0,0
cluttered/Anlerndaten (268).jpg,1,0,0,0,0,0,0,0,0,0
presorted/trial (392).jpg,1,0,0,0,0,0,0,0,0,0
cluttered/Anlerndaten (999).jpg,1,0,0,0,0,0,0,0,0,0
presorted/trial (115).jpg,1,0,0,0,0,0,0,0,0,0
cluttered/Anlerndaten (250).jpg,1,0,0,0,0,0,0,0,0,0
presorted/trial (596).jpg,1,0,0,0,1,0,0,0,0,0
presorted/trial (44).jpg,1,0,0,0,0,0,0,0,0,0
cluttered/Anlerndaten (414).jpg,1,0,0,0,0,0,0,0,0,0
presorted/trial (1370).jpg,1,0,0,0,0,0,0,0,0,0
presorted/trial (484).jpg,1,0,0,0,0,0,0,0,0,0
presorted/trial (1111).jpg,1,0,0,0,0,0,0,0,0,0
cluttered/Anlerndaten (127).jpg,1,0,0,0,0,0,0,0,0,0
presorted/trial (1662).jpg,1,0,0,0,0,0,0,0,0,0
cluttered/Anlerndaten (9).jpg,1,0,0,0,0,0,0,0,0,0
presorted/trial (420).jpg,1,0,0,0,0,0,0,0,0,0
presorted/trial (1033).jpg,1,0,0,0,0,0,0,0,0,0
presorted/trial (631).jpg,1,0,0,0,0,0,0,0,0,0
presorted/trial (1017).jpg,1,0,0,0,0,0,0,0,0,0
presorted/trial (1207).jpg,1,0,0,0,0,0,0,0,0,0
cluttered/Anlerndaten (692).jpg,1,0,0,0,0,0,0,0,0,0
presorted/trial (859).jpg,1,0,0,0,1,0,0,0,0,0
presorted/trial (1004).jpg,1,0,0,0,0,0,0,0,0,0
cluttered/Anlerndaten (194).jpg,1,0,0,0,0,0,0,0,0,0
presorted/trial (783).jpg,1,0,0,0,0,0,0,0,0,0
cluttered/Anlerndaten (896).jpg,1,0,0,0,0,0,0,0,0,0
presorted/trial (20).jpg,1,0,0,0,0,0,0,0,0,0
presorted/trial (1344).jpg,1,0,0,0,0,0,0,0,0,0
presorted/trial (744).jpg,1,0,0,0,0,0,0,0,0,0
cluttered/Anlerndaten (687).jpg,1,0,0,0,0,0,0,0,0,0
presorted/trial (527).jpg,1,0,0,0,0,0,0,0,0,0
cluttered/Anlerndaten (317).jpg,1,0,0,0,0,0,0,0,0,0
presorted/trial (1130).jpg,1,0,0,0,0,0,0,0,0,0
presorted/trial (1628).jpg,1,0,0,0,0,0,0,0,0,0
presorted/trial (862).jpg,1,0,0,0,0,0,0,0,0,0
presorted/trial (1152).jpg,1,0,0,0,0,0,0,0,0,0
cluttered/Anlerndaten (283).jpg,1,0,0,0,0,0,0,0,0,0
cluttered/Anlerndaten (66).jpg,1,0,0,0,0,0,0,0,0,0
presorted/trial (190).jpg,1,0,0,0,0,0,0,0,0,0
cluttered/Anlerndaten (953).jpg,1,0,0,0,1,0,0,0,0,0
presorted/trial (1389).jpg,1,0,0,0,0,0,0,0,0,0
cluttered/Anlerndaten (256).jpg,1,0,0,0,0,0,0,0,0,0
presorted/trial (1028).jpg,1,0,0,0,0,0,0,0,0,0
presorted/trial (863).jpg,1,0,0,0,0,0,0,0,0,0
presorted/trial (474).jpg,1,0,0,0,1,0,0,0,0,0
presorted/trial (1029).jpg,1,0,0,0,1,0,0,0,0,0
cluttered/Anlerndaten (590).jpg,1,0,0,0,0,0,0,0,0,0
cluttered/Anlerndaten (750).jpg,1,0,0,0,0,0,0,0,0,0
presorted/trial (984).jpg,1,0,0,0,1,0,0,0,0,0
presorted/trial (655).jpg,1,0,0,0,0,0,0,0,0,0
presorted/trial (1269).jpg,1,0,0,0,0,0,0,0,0,0
presorted/trial (763).jpg,1,0,0,0,0,0,0,0,0,0
cluttered/Anlerndaten (974).jpg,1,0,0,0,0,0,0,0,0,0
cluttered/Anlerndaten (579).jpg,1,0,0,0,0,0,0,0,0,0
cluttered/Anlerndaten (658).jpg,1,0,0,0,0,0,0,0,0,0
presorted/trial (124).jpg,1,0,0,0,1,0,0,0,0,0
presorted/trial (1293).jpg,1,0,0,0,0,0,0,0,0,0
presorted/trial (1328).jpg,1,0,0,0,0,0,0,0,0,0
cluttered/Anlerndaten (53).jpg,1,0,0,0,0,0,0,0,0,0
cluttered/Anlerndaten (929).jpg,1,0,0,0,0,0,0,0,0,0
presorted/trial (907).jpg,1,0,0,0,0,0,0,0,0,0
cluttered/Anlerndaten (370).jpg,1,0,0,0,0,0,0,0,0,0
presorted/trial (84).jpg,1,0,0,0,0,0,0,0,0,0
cluttered/Anlerndaten (330).jpg,1,0,0,0,0,0,0,0,0,0
presorted/trial (419).jpg,1,0,0,0,0,0,0,0,0,0
presorted/trial (1073).jpg,1,0,0,0,0,0,0,0,0,0
cluttered/Anlerndaten (453).jpg,1,0,0,0,0,0,0,0,0,0
presorted/trial (626).jpg,1,0,0,0,0,0,0,0,0,0
presorted/trial (490).jpg,1,0,0,0,0,0,0,0,1,0
presorted/trial (1171).jpg,1,0,0,0,0,0,0,0,0,0
presorted/trial (690).jpg,1,0,0,0,0,0,0,0,0,0
presorted/trial (143).jpg,1,0,0,0,0,0,0,0,0,0
cluttered/Anlerndaten (748).jpg,1,0,0,0,0,0,0,0,0,0
presorted/trial (1147).jpg,1,0,0,0,0,0,0,0,0,0
presorted/trial (25).jpg,1,0,0,0,0,0,0,0,0,0
presorted/trial (1003).jpg,1,0,0,0,0,0,0,0,0,0
presorted/trial (1672).jpg,1,0,0,0,0,0,0,0,0,0
presorted/trial (386).jpg,1,0,0,0,0,0,0,0,0,0
presorted/trial (703).jpg,1,0,0,0,0,0,0,0,0,0
presorted/trial (1047).jpg,1,0,0,0,0,0,0,0,0,0
presorted/trial (683).jpg,1,0,0,0,0,0,0,0,0,0
presorted/trial (33).jpg,1,0,0,0,0,0,0,0,0,0
cluttered/Anlerndaten (95).jpg,1,0,0,0,0,0,0,0,0,0
cluttered/Anlerndaten (716).jpg,1,0,0,0,0,0,0,0,0,0
presorted/trial (277).jpg,1,0,0,0,0,0,0,0,0,0
presorted/trial (369).jpg,1,0,0,0,0,0,0,0,0,0
presorted/trial (65).jpg,1,0,0,0,0,0,0,0,0,0
cluttered/Anlerndaten (304).jpg,1,0,0,0,1,0,0,0,0,0
presorted/trial (686).jpg,1,0,0,0,0,0,0,0,0,0
presorted/trial (286).jpg,1,0,0,0,0,0,0,0,0,0
presorted/trial (840).jpg,1,0,0,0,0,0,0,0,0,0
presorted/trial (544).jpg,1,0,0,0,0,0,0,0,0,0
presorted/trial (896).jpg,1,0,0,0,1,0,0,0,0,0
presorted/trial (1142).jpg,1,0,0,0,0,0,0,0,0,0
presorted/trial (539).jpg,1,0,0,0,0,0,0,0,0,0
presorted/trial (895).jpg,1,0,0,0,0,0,0,0,0,0
presorted/trial (289).jpg,1,0,0,0,0,0,0,0,0,0
presorted/trial (1668).jpg,1,0,0,0,0,0,0,0,0,0
cluttered/Anlerndaten (965).jpg,1,0,0,0,0,0,0,0,0,0
cluttered/Anlerndaten (790).jpg,1,0,0,0,0,0,0,0,0,0
presorted/trial (929).jpg,1,0,0,0,0,0,0,0,0,0
presorted/trial (349).jpg,1,0,0,0,0,0,0,0,0,0
presorted/trial (1416).jpg,1,0,0,0,0,0,0,0,0,0
presorted/trial (1304).jpg,1,0,0,0,1,0,0,0,0,0
cluttered/Anlerndaten (641).jpg,1,0,0,0,0,0,0,0,0,0
cluttered/Anlerndaten (1007).jpg,1,0,0,0,0,0,0,0,0,0
cluttered/Anlerndaten (801).jpg,1,0,0,0,1,0,0,0,0,0
cluttered/Anlerndaten (444).jpg,1,0,0,0,0,0,0,0,0,0
cluttered/Anlerndaten (99).jpg,1,0,0,0,0,0,0,0,0,0
cluttered/Anlerndaten (371).jpg,1,0,0,0,0,0,0,0,0,0
presorted/trial (953).jpg,1,0,0,0,0,0,0,0,0,0
presorted/trial (1037).jpg,1,0,0,0,0,0,0,0,0,0
presorted/trial (329).jpg,1,0,0,0,0,0,0,0,0,0
cluttered/Anlerndaten (620).jpg,1,0,0,0,0,0,0,0,0,0
presorted/trial (1537).jpg,1,0,0,0,0,0,0,0,0,0
cluttered/Anlerndaten (755).jpg,1,0,0,0,0,0,0,0,0,0
cluttered/Anlerndaten (346).jpg,1,0,0,0,0,0,0,0,0,0
presorted/trial (233).jpg,1,0,0,0,0,0,0,0,0,0
cluttered/Anlerndaten (556).jpg,1,0,0,0,0,0,0,0,0,0
cluttered/Anlerndaten (613).jpg,2,1,1,0,1,0,0,0,0,0
presorted/trial (1095).jpg,1,0,0,0,0,0,0,0,0,0
presorted/trial (899).jpg,1,0,0,0,0,0,0,0,0,0
presorted/trial (35).jpg,1,0,0,0,0,0,0,0,0,0
presorted/trial (102).jpg,1,0,0,0,1,0,0,0,0,0
presorted/trial (314).jpg,1,0,0,0,0,0,0,0,0,0
presorted/trial (294).jpg,1,0,0,0,0,0,0,0,0,0
cluttered/Anlerndaten (376).jpg,1,0,0,0,0,0,0,0,0,0
presorted/trial (1652).jpg,1,0,0,0,0,0,0,0,0,0
cluttered/Anlerndaten (567).jpg,1,0,0,0,1,0,0,0,0,0
presorted/trial (789).jpg,1,0,0,0,0,0,0,0,0,0
cluttered/Anlerndaten (448).jpg,1,0,0,0,0,0,0,0,0,0
presorted/trial (283).jpg,1,0,0,0,0,0,0,0,0,0
presorted/trial (887).jpg,1,0,0,0,0,0,0,0,0,0
cluttered/Anlerndaten (462).jpg,1,0,0,0,0,0,0,0,0,0
presorted/trial (345).jpg,1,0,0,0,0,0,0,0,0,0
presorted/trial (569).jpg,1,0,0,0,0,0,0,0,0,0
presorted/trial (1520).jpg,1,0,0,0,0,0,0,0,0,0
cluttered/Anlerndaten (713).jpg,1,0,0,0,0,0,0,0,0,0
presorted/trial (1509).jpg,1,0,0,0,0,0,0,0,0,0
presorted/trial (480).jpg,1,0,0,0,0,0,0,0,0,0
presorted/trial (1000).jpg,1,0,0,0,0,0,0,0,0,0
presorted/trial (275).jpg,1,0,0,0,0,0,0,0,0,0
presorted/trial (360).jpg,1,0,0,0,1,0,0,0,0,0
presorted/trial (316).jpg,1,0,0,0,0,0,0,0,0,0
cluttered/Anlerndaten (184).jpg,1,0,0,0,0,0,0,0,0,0
cluttered/Anlerndaten (404).jpg,1,0,0,0,0,0,0,0,0,0
presorted/trial (1667).jpg,1,0,0,0,0,0,0,0,0,0
cluttered/Anlerndaten (527).jpg,1,0,0,0,0,0,0,0,0,0
cluttered/Anlerndaten (562).jpg,1,0,0,0,0,0,0,0,0,0
cluttered/Anlerndaten (450).jpg,1,0,0,0,0,0,0,0,0,0
presorted/trial (522).jpg,1,0,0,0,0,0,0,0,0,0
presorted/trial (267).jpg,1,0,0,0,0,0,0,0,0,0
presorted/trial (208).jpg,1,0,0,0,0,0,0,0,0,0
cluttered/Anlerndaten (893).jpg,1,0,0,0,0,0,0,0,0,0
presorted/trial (716).jpg,1,0,0,0,0,0,0,0,0,0
presorted/trial (733).jpg,1,0,0,0,0,0,0,0,0,0
presorted/trial (872).jpg,1,0,0,0,1,0,0,0,0,0
cluttered/Anlerndaten (884).jpg,1,0,0,0,0,0,0,0,0,0
presorted/trial (667).jpg,1,0,0,0,0,0,0,0,0,0
presorted/trial (1675).jpg,1,0,0,0,0,0,0,0,0,0
cluttered/Anlerndaten (325).jpg,1,0,0,0,0,0,0,0,0,0
presorted/trial (74).jpg,1,0,0,0,0,0,0,0,0,0
presorted/trial (1385).jpg,1,0,0,0,1,0,0,0,0,0
presorted/trial (964).jpg,1,0,0,0,1,0,0,0,0,0
presorted/trial (89).jpg,1,0,0,0,0,0,0,0,0,0
presorted/trial (676).jpg,1,0,0,0,0,0,0,0,0,0
presorted/trial (203).jpg,1,0,0,0,0,0,0,0,0,0
cluttered/Anlerndaten (356).jpg,1,0,0,0,0,0,0,0,0,0
presorted/trial (759).jpg,1,0,0,0,0,0,0,0,0,0
presorted/trial (993).jpg,1,0,0,0,0,0,0,0,0,0
presorted/trial (1350).jpg,1,0,0,0,0,0,0,0,0,0
cluttered/Anlerndaten (646).jpg,1,0,0,0,0,0,0,0,0,0
cluttered/Anlerndaten (563).jpg,1,0,0,0,0,0,0,0,0,0
presorted/trial (1128).jpg,1,0,0,0,0,0,0,0,0,0
cluttered/Anlerndaten (964).jpg,1,0,0,0,0,0,0,0,0,0
presorted/trial (1079).jpg,1,0,0,0,0,0,0,0,1,0
presorted/trial (1607).jpg,1,0,0,0,0,0,0,0,0,0
presorted/trial (1132).jpg,1,0,0,0,0,0,0,0,0,0
presorted/trial (582).jpg,1,0,0,0,0,0,0,0,0,0
cluttered/Anlerndaten (606).jpg,1,0,0,0,0,0,0,0,0,0
presorted/trial (1434).jpg,1,0,0,0,0,0,0,0,0,0
cluttered/Anlerndaten (608).jpg,1,0,0,0,0,0,0,0,0,0
presorted/trial (581).jpg,1,0,0,0,0,0,0,0,0,0
presorted/trial (1177).jpg,1,0,0,0,0,0,0,0,0,0
presorted/trial (575).jpg,1,0,0,0,0,0,0,0,0,0
presorted/trial (117).jpg,1,0,0,0,0,0,0,0,0,0
cluttered/Anlerndaten (729).jpg,1,0,0,0,1,0,0,0,0,0
presorted/trial (1022).jpg,1,0,0,0,1,0,0,0,0,0
cluttered/Anlerndaten (209).jpg,1,0,0,0,0,0,0,0,0,0
cluttered/Anlerndaten (921).jpg,1,0,0,0,0,0,0,0,0,0
presorted/trial (503).jpg,1,0,0,0,1,0,0,0,0,0
presorted/trial (1339).jpg,1,0,0,0,1,0,0,0,0,0
presorted/trial (785).jpg,1,0,0,0,0,0,0,0,0,0
presorted/trial (1259).jpg,1,0,0,0,1,0,0,0,0,0
presorted/trial (310).jpg,1,0,0,0,0,0,0,0,0,0
cluttered/Anlerndaten (741).jpg,1,0,0,0,0,0,0,0,0,0
presorted/trial (7).jpg,1,0,0,0,0,0,0,0,0,0
cluttered/Anlerndaten (806).jpg,1,0,0,0,0,0,0,0,0,0
presorted/trial (800).jpg,1,0,0,0,0,0,0,0,0,0
cluttered/Anlerndaten (432).jpg,1,0,0,0,0,0,0,0,0,0
presorted/trial (1275).jpg,1,0,0,0,1,0,0,0,0,0
cluttered/Anlerndaten (673).jpg,1,0,0,0,0,0,0,0,0,0
presorted/trial (933).jpg,1,0,0,0,0,0,0,0,0,0
cluttered/Anlerndaten (399).jpg,1,0,0,0,0,0,0,0,0,0
cluttered/Anlerndaten (993).jpg,1,0,0,0,0,0,0,0,0,0
cluttered/Anlerndaten (576).jpg,1,0,0,0,0,0,0,0,0,0
presorted/trial (1271).jpg,1,0,0,0,0,0,0,0,0,0
presorted/trial (170).jpg,1,0,0,0,0,0,0,0,0,0
presorted/trial (1360).jpg,1,0,0,0,0,0,0,0,0,0
presorted/trial (206).jpg,1,0,0,0,0,0,0,0,0,0
presorted/trial (1173).jpg,1,0,0,0,0,0,0,0,0,0
cluttered/Anlerndaten (1010).jpg,1,0,0,0,0,0,0,0,0,0
presorted/trial (135).jpg,1,0,0,0,0,0,0,0,0,0
presorted/trial (1074).jpg,1,0,0,0,0,0,0,0,0,0
presorted/trial (724).jpg,1,0,0,0,0,0,0,0,0,0
cluttered/Anlerndaten (717).jpg,1,0,0,0,1,0,0,0,0,0
presorted/trial (1202).jpg,1,0,0,0,0,0,0,0,0,0
cluttered/Anlerndaten (762).jpg,1,0,0,0,0,0,0,0,0,0
presorted/trial (1458).jpg,1,0,0,0,0,0,0,0,0,0
cluttered/Anlerndaten (51).jpg,1,0,0,0,0,0,0,0,0,0
cluttered/Anlerndaten (490).jpg,1,0,0,0,0,0,0,0,0,0
cluttered/Anlerndaten (706).jpg,1,0,0,0,0,0,0,0,0,0
cluttered/Anlerndaten (154).jpg,1,0,0,0,0,0,0,0,0,0
presorted/trial (1049).jpg,1,0,0,0,0,0,0,0,0,0
presorted/trial (153).jpg,1,0,0,0,0,0,0,0,0,0
presorted/trial (371).jpg,1,0,0,0,0,0,0,0,0,0
presorted/trial (1024).jpg,1,0,0,0,0,0,0,0,0,0
cluttered/Anlerndaten (785).jpg,1,0,0,0,0,0,0,0,0,0
cluttered/Anlerndaten (482).jpg,1,0,0,0,0,0,0,0,0,0
presorted/trial (1313).jpg,1,0,0,0,0,0,0,0,0,0
presorted/trial (280).jpg,1,0,0,0,0,0,0,0,0,0
presorted/trial (801).jpg,1,0,0,0,0,0,0,0,0,0
presorted/trial (1658).jpg,1,0,0,0,0,0,0,0,0,0
cluttered/Anlerndaten (926).jpg,1,0,0,0,0,0,0,0,0,0
presorted/trial (603).jpg,1,0,0,0,0,0,0,0,0,0
presorted/trial (660).jpg,1,0,0,0,0,0,0,0,0,0
presorted/trial (650).jpg,1,0,0,0,0,0,0,0,0,0
presorted/trial (324).jpg,1,0,0,0,0,0,0,0,0,0
cluttered/Anlerndaten (696).jpg,1,0,0,0,0,0,0,0,0,0
presorted/trial (795).jpg,1,0,0,0,0,0,0,0,0,0
cluttered/Anlerndaten (539).jpg,1,0,0,0,0,0,0,0,0,0
presorted/trial (1296).jpg,1,0,0,0,1,0,0,0,0,0
cluttered/Anlerndaten (117).jpg,1,0,0,0,0,0,0,0,0,0
presorted/trial (88).jpg,1,0,0,0,0,0,0,0,0,0
cluttered/Anlerndaten (253).jpg,1,0,0,0,0,0,0,0,0,0
cluttered/Anlerndaten (516).jpg,1,0,0,0,0,0,0,0,0,0
presorted/trial (1335).jpg,1,0,0,0,0,0,0,0,0,0
cluttered/Anlerndaten (904).jpg,1,0,0,0,0,0,0,0,0,0
presorted/trial (634).jpg,1,0,0,0,0,0,0,0,0,0
cluttered/Anlerndaten (731).jpg,1,0,0,0,0,0,0,0,0,0
presorted/trial (1690).jpg,1,0,0,0,0,0,0,0,0,0
presorted/trial (110).jpg,1,0,0,0,0,0,0,0,0,0
presorted/trial (496).jpg,1,0,0,0,0,0,0,0,0,0
presorted/trial (769).jpg,1,0,0,0,0,0,0,0,0,0
cluttered/Anlerndaten (589).jpg,1,0,0,0,0,0,0,0,0,0
presorted/trial (1627).jpg,1,0,0,0,0,0,0,0,0,0
cluttered/Anlerndaten (189).jpg,1,0,0,0,0,0,0,0,0,0
presorted/trial (1459).jpg,1,0,0,0,1,0,0,0,0,0
presorted/trial (298).jpg,1,0,0,0,0,0,0,0,0,0
presorted/trial (1093).jpg,1,0,0,0,0,0,0,0,0,0
cluttered/Anlerndaten (319).jpg,1,0,0,0,0,0,0,0,0,0
presorted/trial (1444).jpg,1,0,0,0,0,0,0,0,0,0
presorted/trial (121).jpg,1,0,0,0,0,0,0,0,0,0
cluttered/Anlerndaten (967).jpg,1,0,0,0,0,0,0,0,0,0
cluttered/Anlerndaten (374).jpg,1,0,0,0,0,0,0,0,0,0
presorted/trial (1117).jpg,1,0,0,0,0,0,0,0,0,0
cluttered/Anlerndaten (258).jpg,1,0,0,0,0,0,0,0,0,0
cluttered/Anlerndaten (323).jpg,1,0,0,0,0,0,0,0,0,0
cluttered/Anlerndaten (541).jpg,1,0,0,0,0,0,0,0,0,0
presorted/trial (814).jpg,1,0,0,0,1,0,0,0,0,0
presorted/trial (699).jpg,1,0,0,0,0,0,0,0,0,0
cluttered/Anlerndaten (59).jpg,1,0,0,0,0,0,0,0,0,0
cluttered/Anlerndaten (968).jpg,1,0,0,0,0,0,0,0,0,0
cluttered/Anlerndaten (395).jpg,1,0,0,0,0,0,0,0,0,0
cluttered/Anlerndaten (349).jpg,1,0,0,0,0,0,0,0,0,0
cluttered/Anlerndaten (783).jpg,1,0,0,0,0,0,0,0,0,0
presorted/trial (1146).jpg,1,0,0,0,0,0,0,0,0,0
presorted/trial (898).jpg,1,0,0,0,0,0,0,0,0,0
presorted/trial (1637).jpg,1,0,0,0,0,0,0,0,0,0
presorted/trial (1070).jpg,1,0,0,0,0,0,0,0,0,0
cluttered/Anlerndaten (179).jpg,1,0,0,0,0,0,0,0,0,0
presorted/trial (262).jpg,1,0,0,0,0,0,0,0,0,0
cluttered/Anlerndaten (251).jpg,1,0,0,0,0,0,0,0,0,0
presorted/trial (946).jpg,1,0,0,0,0,0,0,0,0,0
cluttered/Anlerndaten (1028).jpg,1,0,0,0,0,0,0,0,0,0
cluttered/Anlerndaten (84).jpg,1,0,0,0,0,0,0,0,0,0
cluttered/Anlerndaten (247).jpg,1,0,0,0,0,0,0,0,0,0
cluttered/Anlerndaten (353).jpg,1,0,0,0,0,0,0,0,0,0
cluttered/Anlerndaten (388).jpg,1,0,0,0,0,0,0,0,0,0
presorted/trial (854).jpg,1,0,0,0,0,0,0,0,0,0
presorted/trial (578).jpg,1,0,0,0,0,0,0,0,0,0
presorted/trial (1359).jpg,1,0,0,0,0,0,0,0,0,0
presorted/trial (927).jpg,1,0,0,0,0,0,0,0,0,0
cluttered/Anlerndaten (739).jpg,1,0,0,0,0,0,0,0,0,0
presorted/trial (842).jpg,1,0,0,0,0,0,0,0,0,0
cluttered/Anlerndaten (723).jpg,1,0,0,0,0,0,0,0,0,0
presorted/trial (884).jpg,1,0,0,0,0,0,0,0,0,0
presorted/trial (637).jpg,1,0,0,0,0,0,0,0,0,0
presorted/trial (1613).jpg,1,0,0,0,0,0,0,0,0,0
presorted/trial (1405).jpg,1,0,0,0,1,0,0,0,0,0
cluttered/Anlerndaten (894).jpg,1,0,0,0,0,0,0,0,0,0
cluttered/Anlerndaten (130).jpg,1,0,0,0,0,0,0,0,0,0
cluttered/Anlerndaten (621).jpg,1,0,0,0,0,0,0,0,0,0
presorted/trial (1088).jpg,1,0,0,0,0,0,0,0,0,0
cluttered/Anlerndaten (557).jpg,1,0,0,0,0,0,0,0,0,0
presorted/trial (483).jpg,1,0,0,0,0,0,0,0,0,0
presorted/trial (1272).jpg,1,0,0,0,0,0,0,0,0,0
presorted/trial (551).jpg,1,0,0,0,0,0,0,0,0,0
presorted/trial (229).jpg,1,0,0,0,0,0,0,0,0,0
presorted/trial (757).jpg,1,0,0,0,0,0,0,0,0,0
presorted/trial (765).jpg,1,0,0,0,1,0,0,0,0,0
cluttered/Anlerndaten (201).jpg,1,0,0,0,0,0,0,0,0,0
cluttered/Anlerndaten (492).jpg,1,0,0,0,0,0,0,0,0,0
presorted/trial (1441).jpg,1,0,0,0,0,0,0,0,0,0
presorted/trial (570).jpg,1,0,0,0,0,0,0,0,0,0
presorted/trial (211).jpg,1,0,0,0,0,0,0,0,0,0
cluttered/Anlerndaten (569).jpg,1,0,0,0,1,0,0,0,0,0
cluttered/Anlerndaten (89).jpg,1,0,0,0,0,0,0,0,0,0
cluttered/Anlerndaten (181).jpg,1,0,0,0,0,0,0,0,0,0
presorted/trial (1475).jpg,1,0,0,0,0,0,0,0,0,0
presorted/trial (1209).jpg,1,0,0,0,0,0,0,0,0,0
presorted/trial (12).jpg,1,0,0,0,0,0,0,0,0,0
cluttered/Anlerndaten (338).jpg,1,0,0,0,0,0,0,0,0,0
presorted/trial (647).jpg,1,0,0,0,0,0,0,0,0,0
presorted/trial (875).jpg,1,0,0,0,0,0,0,0,0,0
cluttered/Anlerndaten (198).jpg,1,0,0,0,0,0,0,0,0,0
cluttered/Anlerndaten (171).jpg,1,0,0,0,0,0,0,0,0,0
cluttered/Anlerndaten (767).jpg,1,0,0,0,0,0,0,0,0,0
cluttered/Anlerndaten (452).jpg,1,0,0,0,0,0,0,0,0,0
cluttered/Anlerndaten (381).jpg,1,0,0,0,0,0,0,0,0,0
presorted/trial (659).jpg,1,0,0,0,1,0,0,0,0,0
presorted/trial (1175).jpg,1,0,0,0,0,0,0,0,0,0
presorted/trial (198).jpg,1,0,0,0,0,0,0,0,0,0
presorted/trial (131).jpg,1,0,0,0,0,0,0,0,0,0
presorted/trial (31).jpg,1,0,0,0,0,0,0,0,0,0
cluttered/Anlerndaten (636).jpg,1,0,0,0,0,0,0,0,0,0
presorted/trial (387).jpg,1,0,0,0,0,0,0,0,0,0
presorted/trial (1630).jpg,1,0,0,0,0,0,0,0,0,0
presorted/trial (53).jpg,1,0,0,0,0,0,0,0,0,0
presorted/trial (336).jpg,1,0,0,0,0,0,0,0,0,0
presorted/trial (197).jpg,1,0,0,0,0,0,0,0,0,0
presorted/trial (748).jpg,1,0,0,0,1,0,0,0,0,0
presorted/trial (926).jpg,1,0,0,0,0,0,0,0,0,0
presorted/trial (1231).jpg,1,0,0,0,0,0,0,0,0,0
presorted/trial (194).jpg,1,0,0,0,0,0,0,0,0,0
cluttered/Anlerndaten (529).jpg,1,0,0,0,0,0,0,0,0,0
presorted/trial (1500).jpg,1,0,0,0,0,0,0,0,0,0
presorted/trial (69).jpg,1,0,0,0,1,0,0,0,0,0
presorted/trial (564).jpg,1,0,0,0,0,0,0,0,0,0
presorted/trial (49).jpg,1,0,0,0,0,0,0,0,0,0
presorted/trial (771).jpg,1,0,0,0,0,0,0,0,0,0
presorted/trial (1068).jpg,1,0,0,0,0,0,0,0,0,0
cluttered/Anlerndaten (43).jpg,1,0,0,0,0,0,0,0,0,0
presorted/trial (1085).jpg,1,0,0,0,0,0,0,0,0,0
presorted/trial (775).jpg,1,0,0,0,0,0,0,0,0,0
cluttered/Anlerndaten (1045).jpg,1,0,0,0,0,0,0,0,0,0
presorted/trial (919).jpg,1,0,0,0,0,0,0,0,0,0
presorted/trial (1392).jpg,1,0,0,0,0,0,0,0,0,0
cluttered/Anlerndaten (232).jpg,1,0,0,0,0,0,0,0,0,0
cluttered/Anlerndaten (351).jpg,1,0,0,0,0,0,0,0,0,0
presorted/trial (612).jpg,1,0,0,0,0,0,0,0,0,0
presorted/trial (1097).jpg,1,0,0,0,1,0,0,0,0,0
cluttered/Anlerndaten (408).jpg,1,0,0,0,0,0,0,0,0,0
presorted/trial (295).jpg,1,0,0,0,1,0,0,0,0,0
presorted/trial (597).jpg,1,0,0,0,0,0,0,0,0,0
cluttered/Anlerndaten (310).jpg,1,0,0,0,0,0,0,0,0,0
cluttered/Anlerndaten (601).jpg,1,0,0,0,0,0,0,0,0,0
cluttered/Anlerndaten (826).jpg,1,0,0,0,0,0,0,0,0,0
cluttered/Anlerndaten (559).jpg,1,0,0,0,0,0,0,0,0,0
presorted/trial (1059).jpg,1,0,0,0,0,0,0,0,0,0
cluttered/Anlerndaten (677).jpg,1,0,0,0,0,0,0,0,0,0
cluttered/Anlerndaten (440).jpg,1,0,0,0,0,0,0,0,0,0
presorted/trial (1346).jpg,1,0,0,0,0,0,0,0,0,0
presorted/trial (1011).jpg,1,0,0,0,0,0,0,0,0,0
presorted/trial (697).jpg,1,0,0,0,0,0,0,0,0,0
cluttered/Anlerndaten (48).jpg,1,0,0,0,0,0,0,0,0,0
cluttered/Anlerndaten (674).jpg,1,0,0,0,0,0,0,0,0,0
presorted/trial (1609).jpg,1,0,0,0,0,0,0,0,0,0
presorted/trial (618).jpg,1,0,0,0,0,0,0,0,0,0
presorted/trial (445).jpg,1,0,0,0,0,0,0,0,0,0
presorted/trial (691).jpg,1,0,0,0,0,0,0,0,0,0
presorted/trial (709).jpg,1,0,0,0,0,0,0,0,0,0
presorted/trial (391).jpg,1,0,0,0,0,0,0,0,0,0
cluttered/Anlerndaten (853).jpg,1,0,0,0,0,0,0,0,0,0
presorted/trial (1501).jpg,1,0,0,0,0,0,0,0,0,0
cluttered/Anlerndaten (272).jpg,1,0,0,0,0,0,0,0,0,0
presorted/trial (440).jpg,1,0,0,0,0,0,0,0,0,0
cluttered/Anlerndaten (311).jpg,1,0,0,0,1,0,0,0,0,0
presorted/trial (48).jpg,1,0,0,0,0,0,0,0,0,0
presorted/trial (75).jpg,1,0,0,0,0,0,0,0,0,0
presorted/trial (1659).jpg,1,0,0,0,0,0,0,0,0,0
cluttered/Anlerndaten (409).jpg,1,0,0,0,0,0,0,0,0,0
cluttered/Anlerndaten (935).jpg,1,0,0,0,0,0,0,0,0,0
presorted/trial (1673).jpg,1,0,0,0,0,0,0,0,0,0
cluttered/Anlerndaten (768).jpg,1,0,0,0,0,0,0,0,0,0
presorted/trial (209).jpg,1,0,0,0,1,0,0,0,0,0
presorted/trial (101).jpg,1,0,0,0,0,0,0,0,0,0
cluttered/Anlerndaten (354).jpg,1,0,0,0,1,0,0,0,0,0
presorted/trial (1299).jpg,1,0,0,0,0,0,0,0,0,0
cluttered/Anlerndaten (631).jpg,1,0,0,0,1,0,0,0,0,0
presorted/trial (1665).jpg,1,0,0,0,0,0,0,0,0,0
cluttered/Anlerndaten (166).jpg,1,0,0,0,0,0,0,0,0,0
presorted/trial (1253).jpg,1,0,0,0,0,0,0,0,0,0
cluttered/Anlerndaten (898).jpg,1,0,0,0,0,0,0,0,0,0
cluttered/Anlerndaten (537).jpg,1,0,0,0,0,0,0,0,0,0
presorted/trial (962).jpg,1,0,0,0,0,0,0,0,0,0
cluttered/Anlerndaten (345).jpg,1,0,0,0,0,0,0,0,0,0
cluttered/Anlerndaten (197).jpg,1,0,0,0,0,0,0,0,0,0
cluttered/Anlerndaten (307).jpg,1,0,0,0,0,0,0,0,0,0
cluttered/Anlerndaten (1006).jpg,1,0,0,0,0,0,0,0,0,0
presorted/trial (921).jpg,1,0,0,0,0,0,0,0,0,0
cluttered/Anlerndaten (883).jpg,1,0,0,0,0,0,0,0,0,0
presorted/trial (357).jpg,1,0,0,0,1,0,0,0,0,0
cluttered/Anlerndaten (118).jpg,1,0,0,0,0,0,0,0,0,0
presorted/trial (978).jpg,1,0,0,0,0,0,0,0,0,0
presorted/trial (915).jpg,1,0,0,0,0,0,0,0,0,0
presorted/trial (374).jpg,1,0,0,0,0,0,0,0,0,0
presorted/trial (585).jpg,1,0,0,0,1,0,0,0,0,0
cluttered/Anlerndaten (60).jpg,1,0,0,0,0,0,0,0,0,0
presorted/trial (1212).jpg,1,0,0,0,0,0,0,0,0,0
cluttered/Anlerndaten (439).jpg,1,0,0,0,0,0,0,0,0,0
presorted/trial (1525).jpg,1,0,0,0,0,0,0,0,0,0
presorted/trial (288).jpg,1,0,0,0,0,0,0,0,0,0
presorted/trial (451).jpg,1,0,0,0,0,0,0,0,0,0
cluttered/Anlerndaten (996).jpg,1,0,0,0,1,0,0,0,0,0
cluttered/Anlerndaten (54).jpg,1,0,0,0,0,0,0,0,0,0
presorted/trial (1186).jpg,1,0,0,0,0,0,0,0,0,0
presorted/trial (514).jpg,1,0,0,0,1,0,0,0,0,0
presorted/trial (404).jpg,1,0,0,0,0,0,0,0,0,0
cluttered/Anlerndaten (544).jpg,1,0,0,0,0,0,0,0,0,0
presorted/trial (1506).jpg,1,0,0,0,0,0,0,0,0,0
presorted/trial (1155).jpg,1,0,0,0,1,0,0,0,0,0
presorted/trial (734).jpg,1,0,0,0,0,0,0,0,0,0
presorted/trial (111).jpg,1,0,0,0,0,0,0,0,0,0
presorted/trial (743).jpg,1,0,0,0,0,0,0,0,0,0
presorted/trial (1636).jpg,1,0,0,0,0,0,0,0,0,0
cluttered/Anlerndaten (284).jpg,1,0,0,0,0,0,0,0,0,0
presorted/trial (334).jpg,1,0,0,0,0,0,0,0,0,0
presorted/trial (1305).jpg,1,0,0,0,0,0,0,0,0,0
presorted/trial (388).jpg,1,0,0,0,1,0,0,0,0,0
presorted/trial (332).jpg,1,0,0,0,0,0,0,0,0,0
cluttered/Anlerndaten (488).jpg,1,0,0,0,1,0,0,0,0,0
presorted/trial (1129).jpg,1,0,0,0,0,0,0,0,0,0
presorted/trial (212).jpg,1,0,0,0,0,0,0,0,0,0
presorted/trial (715).jpg,1,0,0,0,0,0,0,0,0,0
cluttered/Anlerndaten (407).jpg,1,0,0,0,0,0,0,0,0,0
presorted/trial (221).jpg,1,0,0,0,0,0,0,0,0,0
presorted/trial (1221).jpg,1,0,0,0,0,0,0,0,0,0
cluttered/Anlerndaten (454).jpg,1,0,0,0,1,0,0,0,0,0
presorted/trial (1456).jpg,1,0,0,0,1,0,0,0,0,0
presorted/trial (1318).jpg,1,0,0,0,0,0,0,0,0,0
presorted/trial (175).jpg,1,0,0,0,0,0,0,0,0,0
cluttered/Anlerndaten (182).jpg,1,0,0,0,0,0,0,0,0,0
presorted/trial (1036).jpg,1,0,0,0,0,0,0,0,0,0
presorted/trial (642).jpg,1,0,0,0,0,0,0,0,0,0
presorted/trial (1185).jpg,1,0,0,0,0,0,0,0,0,0
presorted/trial (156).jpg,1,0,0,0,0,0,0,0,0,0
presorted/trial (1176).jpg,1,0,0,0,0,0,0,0,0,0
cluttered/Anlerndaten (1046).jpg,1,0,0,0,0,0,0,0,0,0
presorted/trial (290).jpg,1,0,0,0,0,0,0,0,0,0
cluttered/Anlerndaten (574).jpg,1,0,0,0,0,0,0,0,0,0
presorted/trial (1423).jpg,1,0,0,0,0,0,0,0,0,0
cluttered/Anlerndaten (711).jpg,1,0,0,0,0,0,0,0,0,0
cluttered/Anlerndaten (469).jpg,1,0,0,0,0,0,0,0,0,0
presorted/trial (1367).jpg,1,0,0,0,0,0,0,0,0,0
presorted/trial (752).jpg,1,0,0,0,1,0,0,0,0,0
presorted/trial (39).jpg,1,0,0,0,0,0,0,0,0,0
cluttered/Anlerndaten (832).jpg,1,0,0,0,0,0,0,0,0,0
cluttered/Anlerndaten (35).jpg,1,0,0,0,0,0,0,0,0,0
cluttered/Anlerndaten (782).jpg,1,0,0,0,0,0,0,0,0,0
cluttered/Anlerndaten (155).jpg,1,0,0,0,0,0,0,0,0,0
presorted/trial (406).jpg,1,0,0,0,0,0,0,0,0,0
presorted/trial (184).jpg,1,0,0,0,0,0,0,0,0,0
cluttered/Anlerndaten (703).jpg,1,0,0,0,0,0,0,0,0,0
presorted/trial (966).jpg,1,0,0,0,0,0,0,0,0,0
presorted/trial (282).jpg,1,0,0,0,0,0,0,0,0,0
cluttered/Anlerndaten (992).jpg,1,0,0,0,0,0,0,0,0,0
presorted/trial (1542).jpg,1,0,0,0,0,0,0,0,0,0
presorted/trial (706).jpg,1,0,0,0,0,0,0,0,0,0
cluttered/Anlerndaten (422).jpg,1,0,0,0,0,0,0,0,0,0
presorted/trial (506).jpg,1,0,0,0,1,0,0,0,0,0
presorted/trial (1058).jpg,1,0,0,0,0,0,0,0,0,0
presorted/trial (886).jpg,1,0,0,0,0,0,0,0,0,0
presorted/trial (372).jpg,1,0,0,0,0,0,0,0,0,0
cluttered/Anlerndaten (1038).jpg,1,0,0,0,0,0,0,0,0,0
cluttered/Anlerndaten (159).jpg,1,0,0,0,0,0,0,0,0,0
presorted/trial (671).jpg,1,0,0,0,1,0,0,0,0,0
presorted/trial (1224).jpg,1,0,0,0,0,0,0,0,0,0
presorted/trial (513).jpg,1,0,0,0,0,0,0,0,0,0
presorted/trial (797).jpg,1,0,0,0,0,0,0,0,0,0
presorted/trial (879).jpg,1,0,0,0,0,0,0,0,0,0
cluttered/Anlerndaten (594).jpg,1,0,0,0,0,0,0,0,0,0
presorted/trial (959).jpg,1,0,0,0,0,0,0,0,0,0
presorted/trial (263).jpg,1,0,0,0,0,0,0,0,0,0
presorted/trial (698).jpg,1,0,0,0,0,0,0,0,0,0
cluttered/Anlerndaten (887).jpg,1,0,0,0,1,0,0,0,0,0
cluttered/Anlerndaten (555).jpg,1,0,0,0,0,0,0,0,0,0
presorted/trial (955).jpg,1,0,0,0,0,0,0,0,0,0
presorted/trial (904).jpg,1,0,0,0,0,0,0,0,0,0
cluttered/Anlerndaten (449).jpg,1,0,0,0,0,0,0,0,0,0
presorted/trial (1666).jpg,1,0,0,0,0,0,0,0,0,0
cluttered/Anlerndaten (805).jpg,1,0,0,0,0,0,0,0,0,0
presorted/trial (472).jpg,1,0,0,0,0,0,0,0,0,0
presorted/trial (780).jpg,1,0,0,0,0,0,0,0,0,0
presorted/trial (459).jpg,1,0,0,0,0,0,0,0,0,0
cluttered/Anlerndaten (1008).jpg,1,0,0,0,0,0,0,0,0,0
presorted/trial (1134).jpg,1,0,0,0,0,0,0,0,0,0
presorted/trial (105).jpg,1,0,0,0,0,0,0,0,0,0
presorted/trial (1545).jpg,1,0,0,0,0,0,0,0,0,0
presorted/trial (1138).jpg,1,0,0,0,0,0,0,0,0,0
presorted/trial (777).jpg,1,0,0,0,0,0,0,0,0,0
cluttered/Anlerndaten (877).jpg,1,0,0,0,0,0,0,0,0,0
cluttered/Anlerndaten (50).jpg,1,0,0,0,0,0,0,0,0,0
presorted/trial (210).jpg,1,0,0,0,0,0,0,0,0,0
cluttered/Anlerndaten (71).jpg,1,0,0,0,0,0,0,0,0,0
presorted/trial (232).jpg,1,0,0,0,0,0,0,0,0,0
cluttered/Anlerndaten (470).jpg,1,0,0,0,0,0,0,0,0,0
cluttered/Anlerndaten (471).jpg,1,0,0,0,0,0,0,0,0,0
presorted/trial (617).jpg,1,0,0,0,0,0,0,0,0,0
presorted/trial (1055).jpg,1,0,0,0,0,0,0,0,0,0
presorted/trial (1697).jpg,1,0,0,0,0,0,0,0,0,0
presorted/trial (299).jpg,1,0,0,0,0,0,0,0,0,0
presorted/trial (1127).jpg,1,0,0,0,0,0,0,0,0,0
presorted/trial (253).jpg,1,0,0,0,0,0,0,0,0,0
cluttered/Anlerndaten (80).jpg,1,0,0,0,0,0,0,0,0,0
presorted/trial (358).jpg,1,0,0,0,0,0,0,0,0,0
presorted/trial (1156).jpg,1,0,0,0,0,0,0,0,0,0
cluttered/Anlerndaten (930).jpg,1,0,0,0,0,0,0,0,0,0
cluttered/Anlerndaten (565).jpg,1,0,0,0,0,0,0,0,0,0
presorted/trial (593).jpg,1,0,0,0,0,0,0,0,0,0
cluttered/Anlerndaten (630).jpg,1,0,0,0,0,0,0,0,0,0
presorted/trial (1143).jpg,1,0,0,0,0,0,0,0,0,0
cluttered/Anlerndaten (647).jpg,1,0,0,0,0,0,0,0,0,0
cluttered/Anlerndaten (193).jpg,1,0,0,0,0,0,0,0,0,0
presorted/trial (902).jpg,1,0,0,0,0,0,0,0,0,0
cluttered/Anlerndaten (292).jpg,1,0,0,0,0,0,0,0,0,0
presorted/trial (1).jpg,1,0,0,0,0,0,0,0,0,0
cluttered/Anlerndaten (135).jpg,1,0,0,0,0,0,0,0,0,0
presorted/trial (423).jpg,1,0,0,0,0,0,0,0,0,0
presorted/trial (810).jpg,1,0,0,0,0,0,0,0,0,0
presorted/trial (572).jpg,1,0,0,0,0,0,0,0,0,0
presorted/trial (1684).jpg,1,0,0,0,0,0,0,0,0,0
cluttered/Anlerndaten (457).jpg,1,0,0,0,0,0,0,0,0,0
presorted/trial (530).jpg,1,0,0,0,1,0,0,0,0,0
cluttered/Anlerndaten (934).jpg,1,0,0,0,0,0,0,0,0,0
cluttered/Anlerndaten (702).jpg,1,0,0,0,0,0,0,0,0,0
presorted/trial (563).jpg,1,0,0,0,0,0,0,0,0,0
presorted/trial (1048).jpg,1,0,0,0,0,0,0,0,0,0
cluttered/Anlerndaten (759).jpg,1,0,0,0,0,0,0,0,0,0
presorted/trial (1692).jpg,1,0,0,0,0,0,0,0,0,0
presorted/trial (241).jpg,1,0,0,0,0,0,0,0,0,0
presorted/trial (850).jpg,1,0,0,0,1,0,0,0,0,0
presorted/trial (976).jpg,1,0,0,0,0,0,0,0,0,0
presorted/trial (891).jpg,1,0,0,0,0,0,0,0,0,0
cluttered/Anlerndaten (652).jpg,1,0,0,0,0,0,0,0,1,0
cluttered/Anlerndaten (810).jpg,1,0,0,0,0,0,0,0,0,0
presorted/trial (1203).jpg,1,0,0,0,0,0,0,0,0,0
presorted/trial (401).jpg,1,0,0,0,0,0,0,0,0,0
presorted/trial (806).jpg,1,0,0,0,0,0,0,0,0,0
cluttered/Anlerndaten (645).jpg,1,0,0,0,0,0,0,0,0,0
presorted/trial (396).jpg,1,0,0,0,0,0,0,0,0,0
presorted/trial (594).jpg,1,0,0,0,0,0,0,0,0,0
presorted/trial (541).jpg,1,0,0,0,0,0,0,0,0,0
cluttered/Anlerndaten (551).jpg,1,0,0,0,0,0,0,0,0,0
cluttered/Anlerndaten (176).jpg,1,0,0,0,0,0,0,0,0,0
cluttered/Anlerndaten (157).jpg,1,0,0,0,0,0,0,0,0,0
presorted/trial (505).jpg,1,0,0,0,0,0,0,0,0,0
cluttered/Anlerndaten (372).jpg,1,0,0,0,0,0,0,0,0,0
presorted/trial (421).jpg,1,0,0,0,0,0,0,0,0,0
cluttered/Anlerndaten (547).jpg,1,0,0,0,1,0,0,0,0,0
presorted/trial (346).jpg,1,0,0,0,0,0,0,0,0,0
presorted/trial (13).jpg,1,0,0,0,0,0,0,0,0,0
presorted/trial (1616).jpg,1,0,0,0,0,0,0,0,0,0
presorted/trial (1262).jpg,1,0,0,0,0,0,0,0,0,0
presorted/trial (228).jpg,1,0,0,0,0,0,0,0,0,0
presorted/trial (1492).jpg,1,0,0,0,0,0,0,0,0,0
presorted/trial (62).jpg,1,0,0,0,0,0,0,0,0,0
presorted/trial (377).jpg,1,0,0,0,0,0,0,0,0,0
cluttered/Anlerndaten (160).jpg,1,0,0,0,0,0,0,0,0,0
presorted/trial (531).jpg,1,0,0,0,0,0,0,0,0,0
presorted/trial (791).jpg,1,0,0,0,0,0,0,0,0,0
cluttered/Anlerndaten (288).jpg,1,0,0,0,0,0,0,0,0,0
presorted/trial (958).jpg,1,0,0,0,0,0,0,0,0,0
presorted/trial (1053).jpg,1,0,0,0,0,0,0,0,0,0
presorted/trial (376).jpg,1,0,0,0,0,0,0,0,0,0
cluttered/Anlerndaten (172).jpg,1,0,0,0,0,0,0,0,0,0
cluttered/Anlerndaten (1026).jpg,1,0,0,0,1,0,0,0,0,0
presorted/trial (1243).jpg,1,0,0,0,1,0,0,0,0,0
cluttered/Anlerndaten (583).jpg,1,0,0,0,0,0,0,0,0,0
cluttered/Anlerndaten (77).jpg,1,0,0,0,0,0,0,0,0,0
presorted/trial (199).jpg,1,0,0,0,0,0,0,0,0,0
presorted/trial (112).jpg,1,0,0,0,0,0,0,0,0,0
cluttered/Anlerndaten (421).jpg,1,0,0,0,0,0,0,0,0,0
cluttered/Anlerndaten (496).jpg,1,0,0,0,0,0,0,0,0,0
cluttered/Anlerndaten (545).jpg,1,0,0,0,0,0,0,0,0,0
presorted/trial (179).jpg,1,0,0,0,0,0,0,0,0,0
presorted/trial (261).jpg,1,0,0,0,1,0,0,0,0,0
cluttered/Anlerndaten (425).jpg,1,0,0,0,1,0,0,0,0,0
presorted/trial (80).jpg,1,0,0,0,0,0,0,0,0,0
presorted/trial (1680).jpg,1,0,0,0,0,0,0,0,0,0
presorted/trial (1503).jpg,1,0,0,0,0,0,0,0,0,0
presorted/trial (86).jpg,1,0,0,0,0,0,0,0,0,0
presorted/trial (666).jpg,1,0,0,0,0,0,0,0,0,0
presorted/trial (14).jpg,1,0,0,0,0,0,0,0,0,0
presorted/trial (1404).jpg,1,0,0,0,0,0,0,0,0,0
presorted/trial (1027).jpg,1,0,0,0,0,0,0,0,0,0
presorted/trial (136).jpg,1,0,0,0,0,0,0,0,0,0
presorted/trial (1220).jpg,1,0,0,0,0,0,0,0,0,0
presorted/trial (718).jpg,1,0,0,0,0,0,0,0,0,0
presorted/trial (309).jpg,1,0,0,0,0,0,0,0,0,0
cluttered/Anlerndaten (426).jpg,1,0,0,0,0,0,0,0,0,0
cluttered/Anlerndaten (478).jpg,1,0,0,0,0,0,0,0,0,0
presorted/trial (538).jpg,1,0,0,0,0,0,0,0,0,0
cluttered/Anlerndaten (786).jpg,1,0,0,0,0,0,0,0,0,0
presorted/trial (144).jpg,1,0,0,0,0,0,0,0,0,0
presorted/trial (1334).jpg,1,0,0,0,0,0,0,0,0,0
cluttered/Anlerndaten (989).jpg,1,0,0,0,1,0,0,0,0,0
cluttered/Anlerndaten (681).jpg,1,0,0,0,0,0,0,0,0,0
presorted/trial (425).jpg,1,0,0,0,0,0,0,0,0,0
presorted/trial (1651).jpg,1,0,0,0,0,0,0,0,0,0
presorted/trial (1430).jpg,1,0,0,0,0,0,0,0,0,0
cluttered/Anlerndaten (972).jpg,1,0,0,0,0,0,0,0,0,0
presorted/trial (792).jpg,1,0,0,0,0,0,0,0,0,0
presorted/trial (1043).jpg,1,0,0,0,0,0,0,0,0,0
cluttered/Anlerndaten (1001).jpg,1,0,0,0,1,0,0,0,0,0
cluttered/Anlerndaten (82).jpg,1,0,0,0,0,0,0,0,0,0
cluttered/Anlerndaten (479).jpg,1,0,0,0,0,0,0,0,0,0
presorted/trial (547).jpg,1,0,0,0,0,0,0,0,0,0
presorted/trial (449).jpg,1,0,0,0,0,0,0,0,0,0
presorted/trial (116).jpg,1,0,0,0,0,0,0,0,0,0
presorted/trial (661).jpg,1,0,0,0,0,0,0,0,0,0
cluttered/Anlerndaten (3).jpg,1,0,0,0,0,0,0,0,0,0
presorted/trial (604).jpg,1,0,0,0,0,0,0,0,0,0
cluttered/Anlerndaten (807).jpg,1,0,0,0,0,0,0,0,0,0
cluttered/Anlerndaten (16).jpg,1,0,0,0,0,0,0,0,0,0
cluttered/Anlerndaten (774).jpg,1,0,0,0,0,0,0,0,0,0
presorted/trial (375).jpg,1,0,0,0,0,0,0,0,0,0
presorted/trial (1614).jpg,1,0,0,0,0,0,0,0,0,0
presorted/trial (1289).jpg,1,0,0,0,0,0,0,0,0,0
presorted/trial (1406).jpg,1,0,0,0,0,0,0,0,0,0
presorted/trial (621).jpg,1,0,0,0,0,0,0,0,0,0
cluttered/Anlerndaten (1031).jpg,1,0,0,0,0,0,0,0,0,0
cluttered/Anlerndaten (655).jpg,1,0,0,0,0,0,0,0,0,0
cluttered/Anlerndaten (584).jpg,1,0,0,0,1,0,0,0,0,0
presorted/trial (521).jpg,1,0,0,0,0,0,0,0,0,0
presorted/trial (470).jpg,1,0,0,0,0,0,0,0,0,0
presorted/trial (747).jpg,1,0,0,0,1,0,0,0,0,0
presorted/trial (1656).jpg,1,0,0,0,0,0,0,0,0,0
presorted/trial (293).jpg,1,0,0,0,0,0,0,0,0,0
presorted/trial (492).jpg,1,0,0,0,0,0,0,0,0,0
presorted/trial (517).jpg,1,0,0,0,0,0,0,0,0,0
cluttered/Anlerndaten (55).jpg,1,0,0,0,0,0,0,0,0,0
cluttered/Anlerndaten (617).jpg,1,0,0,0,0,0,0,0,0,0
presorted/trial (1645).jpg,1,0,0,0,0,0,0,0,0,0
cluttered/Anlerndaten (586).jpg,1,0,0,0,0,0,0,0,0,0
presorted/trial (662).jpg,1,0,0,0,0,0,0,0,0,0
presorted/trial (1116).jpg,1,0,0,0,0,0,0,0,0,0
cluttered/Anlerndaten (1014).jpg,1,0,0,0,0,0,0,0,0,0
presorted/trial (1100).jpg,1,0,0,0,0,0,0,0,0,0
presorted/trial (468).jpg,1,0,0,0,0,0,0,0,0,0
cluttered/Anlerndaten (498).jpg,1,0,0,0,0,0,0,0,0,0
cluttered/Anlerndaten (62).jpg,1,0,0,0,0,0,0,0,0,0
cluttered/Anlerndaten (855).jpg,1,0,0,0,0,0,0,0,0,0
presorted/trial (1080).jpg,1,0,0,0,1,0,0,0,0,0
cluttered/Anlerndaten (510).jpg,1,0,0,0,0,0,0,0,0,0
presorted/trial (908).jpg,1,0,0,0,0,0,0,0,0,0
cluttered/Anlerndaten (238).jpg,1,0,0,0,0,0,0,0,0,0
cluttered/Anlerndaten (76).jpg,1,0,0,0,0,0,0,0,0,0
presorted/trial (1301).jpg,1,0,0,0,0,0,0,0,0,0
presorted/trial (23).jpg,1,0,0,0,0,0,0,0,0,0
presorted/trial (1225).jpg,1,0,0,0,1,0,0,0,0,0
presorted/trial (751).jpg,1,0,0,0,0,0,0,0,0,0
presorted/trial (384).jpg,1,0,0,0,0,0,0,0,0,0
presorted/trial (383).jpg,1,0,0,0,0,0,0,0,0,0
presorted/trial (1519).jpg,1,0,0,0,0,0,0,0,0,0
presorted/trial (1007).jpg,1,0,0,0,1,0,0,0,0,0
presorted/trial (1144).jpg,1,0,0,0,1,0,0,0,0,0
presorted/trial (1612).jpg,1,0,0,0,0,0,0,0,0,0
presorted/trial (524).jpg,1,0,0,0,0,0,0,0,0,0
cluttered/Anlerndaten (58).jpg,1,0,0,0,0,0,0,0,0,0
cluttered/Anlerndaten (315).jpg,1,0,0,0,0,0,0,0,0,0
presorted/trial (638).jpg,1,0,0,0,0,0,0,0,0,0
cluttered/Anlerndaten (623).jpg,1,0,0,0,0,0,0,0,0,0
presorted/trial (249).jpg,1,0,0,0,0,0,0,0,0,0
presorted/trial (27).jpg,1,0,0,0,0,0,0,0,0,0
cluttered/Anlerndaten (564).jpg,1,0,0,0,0,0,0,0,0,0
cluttered/Anlerndaten (771).jpg,1,0,0,0,0,0,0,0,0,0
presorted/trial (63).jpg,1,0,0,0,0,0,0,0,0,0
cluttered/Anlerndaten (975).jpg,1,0,0,0,0,0,0,0,0,0
presorted/trial (1312).jpg,1,0,0,0,0,0,0,0,0,0
cluttered/Anlerndaten (419).jpg,1,0,0,0,0,0,0,0,0,0
cluttered/Anlerndaten (958).jpg,1,0,0,0,0,0,0,0,0,0
presorted/trial (851).jpg,1,0,0,0,0,0,0,0,0,0
cluttered/Anlerndaten (863).jpg,1,0,0,0,0,0,0,0,0,0
cluttered/Anlerndaten (278).jpg,1,0,0,0,0,0,0,0,0,0
presorted/trial (67).jpg,1,0,0,0,0,0,0,0,0,0
presorted/trial (1686).jpg,1,0,0,0,1,0,0,0,0,0
cluttered/Anlerndaten (802).jpg,1,0,0,0,0,0,0,0,0,0
cluttered/Anlerndaten (324).jpg,1,0,0,0,0,0,0,0,0,0
presorted/trial (900).jpg,1,0,0,0,0,0,0,0,0,0
presorted/trial (331).jpg,1,0,0,0,0,0,0,0,0,0
cluttered/Anlerndaten (684).jpg,1,0,0,0,0,0,0,0,0,0
presorted/trial (770).jpg,1,0,0,0,0,0,0,0,0,0
presorted/trial (364).jpg,1,0,0,0,0,0,0,0,0,0
cluttered/Anlerndaten (79).jpg,1,0,0,0,0,0,0,0,0,0
cluttered/Anlerndaten (749).jpg,1,0,0,0,0,0,0,0,0,0
presorted/trial (735).jpg,1,0,0,0,0,0,0,0,0,0
presorted/trial (1450).jpg,1,0,0,0,0,0,0,0,0,0
cluttered/Anlerndaten (558).jpg,1,0,0,0,1,0,0,0,0,0
presorted/trial (50).jpg,1,0,0,0,0,0,0,0,0,0
cluttered/Anlerndaten (260).jpg,1,0,0,0,0,0,0,0,0,0
cluttered/Anlerndaten (728).jpg,1,0,0,0,0,0,0,0,0,0
presorted/trial (772).jpg,1,0,0,0,0,0,0,0,0,0
presorted/trial (881).jpg,1,0,0,0,0,0,0,0,0,0
cluttered/Anlerndaten (44).jpg,1,0,0,0,0,0,0,0,0,0
cluttered/Anlerndaten (888).jpg,1,0,0,0,0,0,0,0,0,0
cluttered/Anlerndaten (261).jpg,1,0,0,0,0,0,0,0,0,0
presorted/trial (402).jpg,1,0,0,0,0,0,0,0,0,0
presorted/trial (157).jpg,1,0,0,0,0,0,0,0,0,0
presorted/trial (431).jpg,1,0,0,0,0,0,0,0,0,0
cluttered/Anlerndaten (525).jpg,1,0,0,0,0,0,0,0,0,0
presorted/trial (54).jpg,1,0,0,0,0,0,0,0,0,0
cluttered/Anlerndaten (267).jpg,1,0,0,0,0,0,0,0,0,0
presorted/trial (1064).jpg,1,0,0,0,1,0,0,0,0,0
presorted/trial (1051).jpg,1,0,0,0,0,0,0,0,0,0
presorted/trial (883).jpg,1,0,0,0,0,0,0,0,0,0
presorted/trial (754).jpg,1,0,0,0,0,0,0,0,0,0
presorted/trial (1031).jpg,1,0,0,0,0,0,0,0,0,0
presorted/trial (281).jpg,1,0,0,0,0,0,0,0,0,0
presorted/trial (204).jpg,1,0,0,0,0,0,0,0,0,0
presorted/trial (351).jpg,1,0,0,0,0,0,0,0,0,0
presorted/trial (227).jpg,1,0,0,0,0,0,0,0,0,0
presorted/trial (677).jpg,1,0,0,0,0,0,0,0,0,0
presorted/trial (657).jpg,1,0,0,0,0,0,0,0,0,0
presorted/trial (1109).jpg,1,0,0,0,1,0,0,0,0,0
cluttered/Anlerndaten (726).jpg,1,0,0,0,1,0,0,0,0,0
presorted/trial (1623).jpg,1,0,0,0,0,0,0,0,0,0
presorted/trial (454).jpg,1,0,0,0,0,0,0,0,0,0
presorted/trial (628).jpg,1,0,0,0,0,0,0,0,0,0
presorted/trial (28).jpg,1,0,0,0,0,0,0,0,0,0
presorted/trial (1106).jpg,1,0,0,0,1,0,0,0,0,0
cluttered/Anlerndaten (147).jpg,1,0,0,0,0,0,0,0,0,0
presorted/trial (1042).jpg,1,0,0,0,0,0,0,0,0,0
cluttered/Anlerndaten (849).jpg,1,0,0,0,0,0,0,0,0,0
presorted/trial (218).jpg,1,0,0,0,0,0,0,0,0,0
cluttered/Anlerndaten (659).jpg,1,0,0,0,1,0,0,0,0,0
presorted/trial (566).jpg,1,0,0,0,0,0,0,0,0,0
presorted/trial (413).jpg,1,0,0,0,0,0,0,0,0,0
presorted/trial (400).jpg,1,0,0,0,0,0,0,0,0,0
presorted/trial (173).jpg,1,0,0,0,1,0,0,0,0,0
presorted/trial (321).jpg,1,0,0,0,0,0,0,0,0,0
cluttered/Anlerndaten (468).jpg,1,0,0,0,0,0,0,0,0,0
presorted/trial (92).jpg,1,0,0,0,0,0,0,0,0,0
presorted/trial (1121).jpg,1,0,0,0,0,0,0,0,0,0
presorted/trial (1038).jpg,1,0,0,0,0,0,0,0,0,0
cluttered/Anlerndaten (25).jpg,1,0,0,0,0,0,0,0,0,0
presorted/trial (518).jpg,1,0,0,0,0,0,0,0,0,0
presorted/trial (284).jpg,1,0,0,0,0,0,0,0,0,0
presorted/trial (956).jpg,1,0,0,0,0,0,0,0,0,0
cluttered/Anlerndaten (373).jpg,1,0,0,0,0,0,0,0,0,0
presorted/trial (1626).jpg,1,0,0,0,0,0,0,0,0,0
presorted/trial (1699).jpg,1,0,0,0,0,0,0,0,0,0
cluttered/Anlerndaten (846).jpg,1,0,0,0,1,0,0,0,0,0
presorted/trial (589).jpg,1,0,0,0,0,0,0,0,0,0
presorted/trial (573).jpg,1,0,0,0,1,0,0,0,0,0
cluttered/Anlerndaten (328).jpg,1,0,0,0,0,0,0,0,1,0
presorted/trial (878).jpg,1,0,0,0,0,0,0,0,0,0
cluttered/Anlerndaten (660).jpg,1,0,0,0,0,0,0,0,0,0
presorted/trial (55).jpg,1,0,0,0,0,0,0,0,0,0
cluttered/Anlerndaten (239).jpg,1,0,0,0,0,0,0,0,0,0
presorted/trial (1239).jpg,1,0,0,0,0,0,0,0,0,0
presorted/trial (857).jpg,1,0,0,0,0,0,0,0,0,0
cluttered/Anlerndaten (31).jpg,1,0,0,0,0,0,0,0,0,0
presorted/trial (469).jpg,1,0,0,0,0,0,0,0,0,0
presorted/trial (225).jpg,1,0,0,0,0,0,0,0,0,0
cluttered/Anlerndaten (1024).jpg,1,0,0,0,1,0,0,0,0,0
presorted/trial (545).jpg,1,0,0,0,0,0,0,0,0,0
presorted/trial (415).jpg,1,0,0,0,0,0,0,0,0,0
presorted/trial (807).jpg,1,0,0,0,0,0,0,0,0,0
cluttered/Anlerndaten (769).jpg,1,0,0,0,0,0,0,0,0,0
presorted/trial (395).jpg,1,0,0,0,0,0,0,0,0,0
presorted/trial (675).jpg,1,0,0,0,0,0,0,0,0,0
cluttered/Anlerndaten (342).jpg,1,0,0,0,0,0,0,0,0,0
cluttered/Anlerndaten (573).jpg,1,0,0,0,0,0,0,0,0,0
presorted/trial (643).jpg,1,0,0,0,0,0,0,0,0,0
cluttered/Anlerndaten (947).jpg,1,0,0,0,1,0,0,0,0,0
presorted/trial (802).jpg,1,0,0,0,0,0,0,0,0,0
presorted/trial (778).jpg,1,0,0,0,0,0,0,0,0,0
presorted/trial (867).jpg,1,0,0,0,0,0,0,0,0,0
presorted/trial (705).jpg,1,0,0,0,0,0,0,0,0,0
presorted/trial (1376).jpg,1,0,0,0,0,0,0,0,0,0
presorted/trial (248).jpg,1,0,0,0,1,0,0,0,0,0
presorted/trial (1485).jpg,1,0,0,0,1,0,0,0,0,0
presorted/trial (417).jpg,1,0,0,0,0,0,0,0,0,0
presorted/trial (623).jpg,1,0,0,0,0,0,0,0,0,0
cluttered/Anlerndaten (336).jpg,1,0,0,0,1,0,0,0,0,0
cluttered/Anlerndaten (90).jpg,1,0,0,0,0,0,0,0,0,0
presorted/trial (99).jpg,1,0,0,0,1,0,0,0,0,0
cluttered/Anlerndaten (918).jpg,1,0,0,0,0,0,0,0,0,0
presorted/trial (1428).jpg,1,0,0,0,0,0,0,0,0,0
presorted/trial (1077).jpg,1,0,0,0,0,0,0,0,0,0
presorted/trial (831).jpg,1,0,0,0,0,0,0,0,0,0
presorted/trial (756).jpg,1,0,0,0,0,0,0,0,0,0
cluttered/Anlerndaten (694).jpg,1,0,0,0,0,0,0,0,0,0
presorted/trial (1676).jpg,1,0,0,0,0,0,0,0,0,0
presorted/trial (456).jpg,1,0,0,0,0,0,0,0,0,0
cluttered/Anlerndaten (862).jpg,1,0,0,0,0,0,0,0,0,0
presorted/trial (546).jpg,1,0,0,0,0,0,0,0,0,0
cluttered/Anlerndaten (536).jpg,1,0,0,0,0,0,0,0,0,0
cluttered/Anlerndaten (902).jpg,1,0,0,0,0,0,0,0,0,0
cluttered/Anlerndaten (119).jpg,1,0,0,0,0,0,0,0,0,0
cluttered/Anlerndaten (526).jpg,1,0,0,0,0,0,0,0,0,0
presorted/trial (693).jpg,1,0,0,0,0,0,0,0,0,0
presorted/trial (1619).jpg,1,0,0,0,0,0,0,0,0,0
presorted/trial (1251).jpg,1,0,0,0,0,0,0,0,0,0
cluttered/Anlerndaten (607).jpg,1,0,0,0,0,0,0,0,0,0
cluttered/Anlerndaten (379).jpg,1,0,0,0,0,0,0,0,0,0
cluttered/Anlerndaten (654).jpg,1,0,0,0,0,0,0,0,0,0
presorted/trial (305).jpg,1,0,0,0,0,0,0,0,0,0
cluttered/Anlerndaten (791).jpg,1,0,0,0,1,0,0,0,0,0
presorted/trial (1420).jpg,1,0,0,0,0,0,0,0,0,0
presorted/trial (494).jpg,1,0,0,0,0,0,0,0,0,0
presorted/trial (1288).jpg,1,0,0,0,0,0,0,0,0,0
cluttered/Anlerndaten (840).jpg,1,0,0,0,0,0,0,0,0,0
presorted/trial (1191).jpg,1,0,0,0,0,0,0,0,0,0
presorted/trial (877).jpg,1,0,0,0,0,0,0,0,0,0
presorted/trial (656).jpg,1,0,0,0,0,0,0,0,0,0
presorted/trial (393).jpg,1,0,0,0,1,0,0,0,0,0
presorted/trial (244).jpg,1,0,0,0,0,0,0,0,0,0
presorted/trial (1487).jpg,1,0,0,0,0,0,0,0,0,0
presorted/trial (477).jpg,1,0,0,0,0,0,0,0,0,0
presorted/trial (820).jpg,1,0,0,0,0,0,0,0,0,0
presorted/trial (799).jpg,1,0,0,0,0,0,0,0,0,0
presorted/trial (319).jpg,1,0,0,0,0,0,0,0,0,0
presorted/trial (645).jpg,1,0,0,0,0,0,0,0,0,0
presorted/trial (980).jpg,1,0,0,0,1,0,0,0,0,0
presorted/trial (1010).jpg,1,0,0,0,0,0,0,0,0,0
presorted/trial (174).jpg,1,0,0,0,0,0,0,0,0,0
cluttered/Anlerndaten (348).jpg,1,0,0,0,1,0,0,0,0,0
presorted/trial (8).jpg,1,0,0,0,0,0,0,0,0,0
cluttered/Anlerndaten (347).jpg,1,0,0,0,0,0,0,0,0,0
presorted/trial (473).jpg,1,0,0,0,0,0,0,0,0,0
presorted/trial (948).jpg,1,0,0,0,0,0,0,0,0,0
cluttered/Anlerndaten (259).jpg,1,0,0,0,0,0,0,0,0,0
presorted/trial (1693).jpg,1,0,0,0,0,0,0,0,0,0
presorted/trial (1493).jpg,1,0,0,0,0,0,0,0,0,0
presorted/trial (1009).jpg,1,0,0,0,0,0,0,0,0,0
presorted/trial (1621).jpg,1,0,0,0,0,0,0,0,0,0
presorted/trial (1101).jpg,1,0,0,0,1,0,0,0,0,0
cluttered/Anlerndaten (708).jpg,1,0,0,0,0,0,0,0,0,0
presorted/trial (654).jpg,1,0,0,0,0,0,0,0,0,0
presorted/trial (668).jpg,1,0,0,0,0,0,0,0,0,0
presorted/trial (259).jpg,1,0,0,0,0,0,0,0,0,0
presorted/trial (178).jpg,1,0,0,0,0,0,0,0,0,0
presorted/trial (1486).jpg,1,0,0,0,0,0,0,0,0,0
presorted/trial (847).jpg,1,0,0,0,0,0,0,0,0,0
presorted/trial (525).jpg,1,0,0,0,0,0,0,0,0,0
cluttered/Anlerndaten (1035).jpg,1,0,0,0,0,0,0,0,0,0
presorted/trial (1230).jpg,1,0,0,0,1,0,0,0,0,0
presorted/trial (971).jpg,1,0,0,0,0,0,0,0,0,0
cluttered/Anlerndaten (412).jpg,1,0,0,0,0,0,0,0,0,0
presorted/trial (786).jpg,1,0,0,0,0,0,0,0,0,0
presorted/trial (819).jpg,1,0,0,0,1,0,0,0,0,0
cluttered/Anlerndaten (116).jpg,1,0,0,0,1,0,0,0,0,0
presorted/trial (1641).jpg,1,0,0,0,0,0,0,0,0,0
presorted/trial (855).jpg,1,0,0,0,0,0,0,0,0,0
cluttered/Anlerndaten (970).jpg,1,0,0,0,0,0,0,0,0,0
presorted/trial (600).jpg,1,0,0,0,0,0,0,0,0,0
presorted/trial (158).jpg,1,0,0,0,0,0,0,0,0,0
cluttered/Anlerndaten (816).jpg,1,0,0,0,0,0,0,0,0,0
presorted/trial (1556).jpg,1,0,0,0,0,0,0,0,0,0
presorted/trial (437).jpg,1,0,0,0,0,0,0,0,0,0
presorted/trial (442).jpg,1,0,0,0,0,0,0,0,0,0
presorted/trial (422).jpg,1,0,0,0,0,0,0,0,0,0
